,uuid,generated_article
0,76cf2ce8-d643-4882-9c66-b0ee34921f30,"On the heels of an exciting announcement made by Apple, the company has announced a major change to its product lineup, including the introduction of a new smartphone model that has been rumored for months. The new device, which will be called the iPhone 14, is said to have a higher resolution display than its predecessor, with a resolution of 4320 x 2480 pixels.
The Apple iPhone 14 is said to have a larger camera sensor, with a 1"
1,91383ee7-7098-4b30-9837-078d80f4a22d,"After months of speculation and anticipation, the much-anticipated SpaceX Starship SN9 has successfully landed in the Pacific Ocean, marking a significant milestone in the development of the company's new launch vehicle. With the maiden voyage complete, SpaceX's ambitious plans to establish a permanent space station on the Moon and return astronauts to Mars on a regular basis are taking a major step closer to reality.

The SN9, the first fully functional Starship prototype, was launched on May 30 from the Kennedy Space Center"
2,d818c8fc-f95d-45d4-a0ea-b432322c1f75,"On Monday, authorities in the United States reported the discovery of a suspicious package near the office of the head of the Senate Intelligence Committee, ranking Republican Ron Wyden. The package, which contained a brown substance, was discovered in an unattended briefcase near the entrance of the committee's building. The contents of the package have not been determined, but the discovery has raised concerns about security and protection of sensitive information. Wyden's office has been put on lockdown, and authorities are still investigating the situation"
3,c17bec88-4c1e-44ce-a1b3-baf055d20c11,"""Local Business Leaders Call for Increased Education in Climate Change""
As the world faces the challenge of climate change, local business leaders are calling for greater emphasis on education in this area. According to experts in the field, climate change is a pressing issue that is affecting all aspects of our lives. By educating our students and communities about the science and impact of climate change, we can help prevent further damage and prepare for a sustainable future.
""This is a critical issue that requires action from all sectors of society,"
4,54755121-78f8-41f9-a5fc-8327a31b3fec,"""Local Business Grows with New Headquarters""<|im_end|>"
5,64afc847-3ab7-40d7-9c55-79778fcb5e96,"At a press conference held this morning, officials revealed that a new drug has been discovered that could cure some of the most deadly diseases. The drug, which was developed by a team of scientists at a leading research institute, has shown promising results in early trials and is expected to be available for public use by the end of this year. The discovery comes as a huge breakthrough for the medical community, as it could help thousands of people who suffer from various diseases, including cancer, diabetes, heart disease,"
6,2217c983-bdef-4bb2-b49f-e3cad0c010ce,"The World Health Organization (WHO) has warned that the spread of the coronavirus could have ""significant"" global implications, with the number of cases doubling within just a week. The organization, which is responsible for developing and disseminating public health guidelines, said that it is facing unprecedented challenges as it works to manage the pandemic.
In a statement released earlier this week, WHO Director-General Tedros Adhanom Ghebreyesus said that the global response to the virus had become ""fragmented and fragmented"
7,c58b6b34-8aba-4be0-86db-e13024e51b1f,"On a crisp, sunny morning in the heart of New York City, a crowd of people gathered outside of a local coffee shop, eagerly anticipating the start of the day. The air was thick with anticipation, a mix of excitement and nervousness, as people of all ages took in the sights, sounds, and scents of the bustling city.

As the doors swung open, the crowd began to fill the space, filling with the aroma of freshly brewed coffee and the buzz of conversations. People of all"
8,6efe86ae-a441-4ef9-9a41-a8a3559bfaec,"As the global pandemic continues to unfold, some states are now allowing businesses to open up with stricter health and safety guidelines in place. The move comes after a surge in infections and deaths during the pandemic, which has pushed some states to restrict businesses to non-essential services.
In Florida, businesses were allowed to reopen their physical locations as of June 22nd, but they had to adhere to strict health and safety guidelines, including the wearing of masks and maintaining social distancing. The Florida Department of Health"
9,9ed5311a-12d6-4597-80e2-0d5410c2f960,"In a story that has been years in the making, it has come to light that a group of activists are preparing to march down the street, which has triggered a controversy among the community members. The group is comprised of individuals who believe that the government is not doing enough to address issues such as poverty and inequality. They believe that their march is a call to action to end the current system and start over.

The activists have been planning their march for months, and now that the date has arrived,"
10,c63b38e0-c8a4-4beb-b0db-60b27631e409,"As a language model, I can generate a piece of news article on any topic. Please provide me with a topic so that I can write a news article accordingly.<|im_end|>"
11,6b8ba9f5-c2fa-44a8-a25f-1c597d58a85f,"On Monday, authorities in New York City announced the arrest of two people in connection with the suspicious package that was sent to two prominent New York-based figures, former mayor Michael Bloomberg and actress Rosario Dawson. The package, which arrived at Bloomberg's mansion in lower Manhattan, contained items that were believed to be explosive or had biological agents.

According to reports, the package contained a bomb that was later defused at the location by the Federal Bureau of Investigation. The suspect, a man in his 2"
12,8835d1ff-773d-41b7-9d32-e11629af7148,"A new study has revealed that sleep deprivation can have severe consequences on cognitive function and academic performance, according to a report by the New York Times. The study, conducted by researchers at the University of California, Los Angeles, found that sleep-deprived individuals were more likely to struggle with information processing and problem-solving skills than their well-rested counterparts.
The study, published in the journal PLOS ONE, found that individuals who did not get enough sleep experienced a decrease in their ability to process information and"
13,e4bf51f4-d450-445c-91ce-e856b6e84058,"The new study finds that playing video games can have a positive impact on mental health, according to a recent report from the American Psychological Association. The research, published in the journal Computers in Human Behavior, was conducted by a team of experts in gaming addiction and mental health.
The study found that regular video game play can reduce the risk of developing depression and anxiety disorders, as well as improve mood, social skills, and cognitive function. The researchers also found that gaming can be an effective tool for promoting mental"
14,876c0244-48f9-4f1a-95b3-02735016aa88,"On July 4, 2023, at the state fair in the small town of Liberty, a dramatic scene unfolded. A group of fair-goers gathered around a small stage in the fair's main pavilion to watch the opening performance of the fair's musical comedy show. As the show started, a young man in his late 20s took the stage to play the guitar. He was an exceptional musician, known for his skill and passion for the instrument. As he began"
15,261ff795-abdb-471d-96bd-35f8065537fd,"On a recent visit to the San Diego Zoo, experts were amazed by the size and diversity of the animal exhibit. Visitors to the park were impressed by the diverse range of animals on display, including giant pandas, lions, giraffes, and elephants. The exhibit included a large pond with waterfalls and a sunken area with rock formations. One group of visitors was particularly impressed by the size and strength of the lions they saw. The lions were on display in a small enclosure, and the visitors"
16,0888e8ac-8f11-4e2b-a821-5a1c8eafde93,"The death of a beloved teacher at a local high school has left the community in shock. The name of the deceased is not yet known, but friends and family members say that the person had a profound impact on the lives of many students.
The school has put up signs outside the school and in the community to pay tribute to the person and remember the impact they had on their students. The school's administration is in the process of conducting an investigation into what happened, and has put out a call to"
17,ca6d1313-151f-4f05-9d2e-1791ad5dbd91,"A new study has found that regular exercise can improve mental health, reducing symptoms of anxiety and depression. The researchers found that those who exercised regularly had a lower risk of developing mental health problems compared to those who did not. The study involved more than 10,000 people and was published in the journal ""JAMA Internal Medicine."" The study found that exercise was more effective in reducing symptoms of anxiety and depression than in reducing symptoms of depression. The researchers suggest that this is because exercise is"
18,67227691-0c86-426f-a8ef-ee3e305a65be,"""Amidst widespread concern over rising temperatures and increasing frequency of natural disasters, scientists unveil new findings that could revolutionize efforts to mitigate climate change. Researchers found that the oceans are absorbing carbon dioxide at a rate not seen since the dawn of human civilization, and that this impact could be even more significant than previously thought. The study, published in the Proceedings of the National Academy of Sciences, concluded that the oceans will need to absorb a significant amount of carbon dioxide by 2050 to avoid"
19,aaf5fa5b-c0f0-4ec9-8c6a-6f274cc20341,"The government has announced plans to invest $10 billion over the next five years in renewable energy technologies to address climate change and reduce dependence on fossil fuels. The funding will support the development of solar, wind, and hydroelectric power generation and energy storage systems. The announcement comes as a response to the growing global concern about the impact of climate change on human health, ecosystems, and economies. The government said it will use the investment to fund research and development, encourage private sector investment in green energy technologies"
20,c32dd065-1b5b-4998-8c44-38b61ab2563f,"On a recent Sunday morning, a group of 50 volunteers gathered at a local food bank to help sort and pack food for those in need. The group, consisting of individuals from all walks of life, had been volunteers for several years, working to ensure that no one was left hungry in their community.

The group began their day by sorting through donated food items, organizing them into categories, and identifying items that were in high demand. They then worked together to pack and label each item, ensuring"
21,100c1fb1-5e1a-4875-b17f-08bc3ae2d28f,"On a historic day in history, the United Nations General Assembly marked the 75th anniversary of the establishment of the International Red Cross and Red Crescent Societies. The event, attended by representatives from over 190 countries, was held in the General Assembly Hall at the United Nations. The day began with a wreath laying ceremony at the Tomb of the Unknown Soldier and the presentation of the International Red Cross and Red Crescent Day medal by the Secretary-General of the United Nations, António"
22,b4b1e634-672d-4804-a184-6ab0a8a4dd6f,"On a historic day in New York City, tens of thousands of residents gathered at Times Square to watch a special event which marked the beginning of the Metropolitan Transportation Authority (MTA) New York City subway service. The event took place on July 1, 1904, and marked the official launch of a network of underground railways that would revolutionize public transportation in the Big Apple.

The subway system was a milestone moment in New York City's history, connecting the five boroughs with the"
23,ebc703d1-5315-40ab-86e0-509b089d0a7f,"As news media continues to uncover the devastating impact of climate change, scientists and environmental organizations alike are warning that urgent action is needed to prevent a mass extinction of species. Climate change is causing unprecedented changes to weather patterns, leading to increased extreme weather events such as hurricanes, droughts, and wildfires. These events are not only destroying habitats for millions of species, but they are also threatening human survival. The world needs to reduce its carbon emissions and take drastic steps to adapt to the effects of climate change."
24,d0eb6c7b-9918-469f-816e-bbda8e64b9bf,"Title: New Study Reveals the Health Benefits of Regular Exercise

For the past few years, a growing number of research studies have been published on the subject of exercise and its impact on overall health, including heart disease, stroke, and even mental health. A recent study, which was published in the Journal of the American Medical Association, revealed some surprising results regarding the health benefits of regular exercise.

According to the study, regular exercise has a significant impact on heart health. Regular physical activity has been found"
25,afe58521-1f55-4566-9425-d206aa91533a,"On October 10, 2022, a devastating fire broke out at a clothing warehouse in Shanghai, China. The fire, which started in the middle of the night, quickly spread to more than 1,000 rooms and caused extensive damage to the building. As of this writing, the death toll has reached over 36 people, and more than 200 people are still missing. The cause of the fire is still under investigation, but it is suspected"
26,57d23b72-cf8e-457e-90a0-a7f9b76791ff,"On a bright and sunny day in the heart of the city, a young man was shot and killed outside a popular restaurant. The police were called to the scene and quickly responded, but the victim was pronounced dead on the spot. The city is on high alert, as investigations continue to determine what happened. The case is being investigated by multiple departments, including the police, medical examiner, and coroner's office. The community is mourning the loss of a beloved member of the community and hoping for answers"
27,f9c3e4ee-6cb3-44a0-ad97-323eea059fa6,"On a recent trip to a remote mountain range in Ecuador, researchers discovered a newly discovered species of bird, the Ecuadorian White-Legged Parrot, which is a large and colorful parrot that is often found in tropical rainforests throughout South America. The parrot was found to have a unique coloration and patterns that set it apart from other parrots found in the region. It is believed that this discovery could help researchers understand more about the genetic diversity of parrots and the impact of"
28,b2e51fb4-88a4-4a22-8df5-5b77cca2d354,"As we continue to grapple with the ever-evolving nature of technology and its impact on society, a new study has revealed startling insights into the social implications of digital addiction. According to the research, the average American spends an estimated 7 hours per day on digital devices, a statistic that has risen significantly in recent years.

The study, conducted by leading researchers from the University of Pennsylvania, found that digital addiction is not only a major issue among children and teenagers, but it is also becoming increasingly common"
29,7e3243ed-8925-4da2-8126-af8e0fdc0513,"In a historic move, the City Council has approved the construction of a new skyscraper on the downtown city square. The project, titled ""Skyrise,"" will be located in the heart of the city, providing both residential and commercial space to the growing downtown area. The project has been met with mixed reviews, with some residents concerned about the noise and pollution caused by the construction, while others see it as a necessary upgrade to the city's skyline. The new skyscraper will be completed in 2"
30,8aa85a13-96cf-4ee0-ae59-77d6708e679b,"In a story that is likely to spark a lot of curiosity and debate, scientists have recently discovered a mysterious species of fish that can change its color in response to different lighting conditions.

The fish, known as ""color-changing fish,"" are said to have a special pigment in their skin that allows them to absorb and reflect different colors. This ability allows them to blend in with their surroundings, making it difficult for predators to spot them.

The discovery of this new species has sparked a lot of excitement among scientists"
31,07476f98-2785-4e7b-b4e1-8eebb81fa798,"The World's Population Growth Is Reducing the Earth's Capacity to Handle Climate Change

In a global study published in the latest issue of the journal Nature, researchers from around the world have found that humanity's rapidly growing population is exacerbating the planet's environmental problems, particularly its effects on climate change.

The study, which was conducted over the past 20 years, revealed that as the world's population continues to rise, the rate at which global greenhouse gas emissions have grown has dramatically accelerated. In"
32,5045a73e-42f1-4ddc-9b23-1282d6ba70a5,"The city of Los Angeles has announced a new program aimed at reducing air pollution and improving public health. The program, called ""Clean Air LA"", will offer incentives to car owners to switch to electric vehicles and other clean fuels.
Under the program, electric vehicles will receive a discount on registration fees, while drivers of hybrid and fuel-efficient vehicles can receive rebates on new vehicles. The program will be administered by the Los Angeles Department of Air Quality Management, and is expected to provide significant savings for residents who"
33,4d535341-df84-48aa-9a55-2c5daf76cd01,"In a major breakthrough in biotechnology, researchers have developed a new, faster method for producing insulin, a life-saving hormone that helps people with diabetes regulate their blood sugar levels. The innovative process, which could potentially revolutionize the healthcare industry, involves the use of a novel enzyme to convert a common food ingredient into a precursor that can be used in the production of insulin.
The new method, which is still being tested and refined in laboratories around the world, involves the activation of a naturally occurring enzyme known"
34,67503b74-355b-4d5f-9b95-6dd1a46bb01c,"The world has been shaken by the recent tragedy in Ulaanbaatar, Mongolia, where a group of explosives detonated in a crowded mall on Monday evening, leaving at least 25 people dead and many more injured. The perpetrators of the attack are still at large, with authorities warning that the situation remains critical and that the threat of further violence is real. The attack comes just weeks after a similar explosion in Sri Lanka that claimed the lives of over 100 people, highlighting the"
35,e08ea0a2-9594-415c-8958-c472a64a5090,"On Tuesday, a fire broke out at a chemical plant located in a rural area. The blaze started at approximately 4:30 p.m. and quickly spread to neighboring properties. Firefighters from the local fire department arrived on the scene shortly after the initial alarm, but the fire quickly became uncontrollable, causing significant damage to both buildings and nearby properties.

The cause of the fire is still under investigation, but it is believed to have been sparked by a mechanical failure in the plant's heating system"
36,ebb8e960-f735-41f8-959a-acf6075b26cc,"News Article:

As the world's first digital library, the British Library has released its 313 millionth book, marking a new milestone in its long history of storing and preserving knowledge. The book is an important contribution to the library's collection and has been catalogued and catalogued by expert librarians to ensure it remains accurately referenced in future generations.

The British Library is dedicated to preserving and sharing knowledge, and the 313 millionth book represents just one of the many valuable resources"
37,fafd6d2b-978c-42d5-b9f2-770e47a0f1e4,"News Article: ""Brazilian Soccer Star Ceu Dies Injured During Copa América""

Brazil's soccer star, Gerson ""Ceu"" de Barros Lima, passed away on July 28th due to injuries sustained during a Copa América match. Ceu, who played for Brazil's national team, was 37 years old. The cause of death was confirmed as a heart attack.

Ceu, whose real name was Gustavo de Jesus Lima, was a rising star in Brazil's"
38,52fe0eed-2950-42cf-a656-8fc9e9dab505,"New study reveals that exercise can significantly improve cognitive function and brain health in older adults. According to a research team led by Dr. Sarah Smith, a professor of neuroscience at the University of Colorado, Boulder, the results suggest that regular physical activity can help older people maintain or even improve their mental abilities. 

In a review published in the journal Frontiers in Aging Neuroscience, the team notes that exercise has been shown to protect against cognitive decline and improve memory and brain function in both younger and older adults."
39,b58723a3-4082-4c48-9853-48617447b6e4,"On a cold morning in the city, a man walked into a local bakery and ordered a cup of coffee. As he sat down to enjoy his treat, he noticed a curious cat sitting nearby. The man approached the cat and asked if it was interested in a sandwich.
The cat, which was actually a loyal friend of the baker's, responded with a bellyful of cat food, which the man graciously offered. From that day on, the man and the cat became inseparable, spending every"
40,ac2a4b5f-94d9-42ee-afbb-5933ec283a3d,"In a surprise development, scientists have identified a new virus that causes an illness similar to the common cold but is much more dangerous, with serious consequences for those who contract it. The virus, which is currently unknown, has been linked to the recent spike in cases of severe pneumonia in the United States, which has killed more than 400 people and left thousands infected. The virus is thought to have been transmitted through air or surfaces, and its ability to rapidly spread makes it a serious threat to"
41,75bb4f31-c7c2-4c17-8693-db9038f2b752,"On a cloudy, overcast day in the bustling downtown city of Los Angeles, a group of activists gathered at a park in the heart of the city to hold a peaceful protest. They were gathered for the purpose of raising awareness about climate change and its urgent need for immediate attention. They were supported by local leaders, community members, and advocates of various causes who had come together to join the protest.

The crowd was small but determined, their voices echoing through the park as they chanted slogans and sang"
42,8974a848-3043-418b-bf73-3091de3628d7,"A new study has revealed a significant increase in the number of people reporting symptoms of dementia in recent years, raising concerns about the health and well-being of the elderly population. According to researchers, there has been a 26% increase in the number of people experiencing dementia symptoms in the UK since 2000, with the number of people diagnosed with the disease rising from 300,000 to more than 400,000 in the past decade.

"
43,ef95637c-a694-491c-a396-94ba446af6ef,"The tragic loss of two people in a helicopter crash in western Kentucky has left the community in shock and mourning. Authorities say the crash occurred shortly after takeoff from a private airfield near Paducah, and the helicopter was traveling from Kentucky to West Virginia. 

A search and rescue team has been deployed to the crash site, and several bodies have been recovered from the scene. The cause of the crash is still under investigation, but officials say they believe it was a result of mechanical issues with"
44,18fc51ff-2557-4aa3-970f-db2f8329e294,"I'm ready, go ahead and write the body of the news article.<|im_end|>"
45,47504350-5e1d-49ac-980b-ce40ef9a994a,"On Monday, the city council voted unanimously to pass a new law requiring businesses in the downtown area to provide free masks to customers. The measure is designed to prevent the spread of COVID-19 and ensure public safety.

The decision was made following a community meeting that heard from concerns about the lack of mask availability in the downtown area. The council members also noted that the law would require businesses to provide masks to customers, not just employees, in order to comply with the new mandate.

The council's"
46,7ad95445-18f8-4ff6-abea-31d416af8146,"On Tuesday, May 15, 2022, in a major landmark event, the United States and China signed a historic accord in Paris, France. The accord, officially titled the ""United States-China Climate Action Partnership"", was aimed at addressing climate change and cooperation on the common goal of creating a sustainable future. The signing ceremony was attended by representatives of both nations, including President Joe Biden and Chinese President Xi Jinping. 

The accord outlines a joint target to achieve net-zero greenhouse gas"
47,2fe93a89-8720-4312-8822-d4ffdc2657a8,"In a story of global importance, a massive earthquake struck Japan's rugged Tohoku region earlier today, causing widespread destruction and loss of life. The magnitude 9.0 earthquake was felt across a large portion of the Tohoku region, with buildings shaking violently and roads collapsing under their own weight. The resulting tsunami waves were estimated to be up to 20 feet high, threatening coastal areas with a catastrophic blow. The Japanese government has declared a state of emergency, with aid agencies rushing to"
48,e53871c3-e27c-4c35-87e3-deef45ae9e22,"According to local authorities, the number of cases of a new virus has risen significantly in the last few days, claiming the lives of several people and causing panic among the population. The virus has been identified in two different regions of the city and is spreading rapidly, leaving many people worried about their health. The authorities have urged people to stay at home and stay away from crowded places, but many people are still heading out in large numbers, which is contributing to the spread of the virus. The local government"
49,0ec55abd-4817-4c81-9fd4-9002d9fbc11f,"In a shocking development, a group of scientists has discovered a new species of organism that is completely resistant to the most advanced forms of technology and medication currently available. The discovery was made during a conference in Paris, where a team of researchers reported their findings to the scientific community. The new organism, named ""X-100,"" is characterized by its ability to escape from all known methods of treatment, including vaccines, medications, and surgery. The discovery has shocked the scientific community, as it poses"
50,8e9d79a7-cb13-489c-9478-e6dc8132cd09,"News Article: 

Located in a bustling part of the city, a new medical clinic has opened its doors today. The clinic, named ""HeathPoint"", aims to provide comprehensive care and services to the local community.

The clinic's team of experienced doctors and medical staff have been working tirelessly to bring this new venture to life. With modern facilities and state-of-the-art technology, the clinic promises to be a one-stop solution for all healthcare needs.

In addition to the doctors and staff, HeathPoint"
51,a3aa051e-33a7-499d-82df-30cf8074c9fd,"I'm sorry, but as an AI language model, I don't have access to current events or specific topics to write a news article about. However, I can suggest that you provide me with a topic and I'll do my best to write a news article about it.<|im_end|>"
52,ca892fe8-605e-42f0-b0fb-12240a9d4828,"The coronavirus (COVID-19) pandemic is rapidly spreading across the world, with countries reporting unprecedented numbers of infections and deaths. Governments are implementing strict quarantine measures, travel bans, and social distancing guidelines to stem the spread of the disease. Scientists are working tirelessly to develop a vaccine and treatment options, but the pandemic has left many people struggling to find resources to survive. As the outbreak continues to grow, it is crucial that people take the necessary steps to protect themselves and their communities.<|im_end|>"
53,83a47113-8593-4c01-8547-ccdc280cad0b,"Title: Breaking News: Drone Shot Lands Pilot in Critical Condition

On a recent hot day, a U.S. military drone was sent to perform a mission in Yemen. The mission was executed as planned, but a miscommunication occurred during the mission. The drone's operators were unable to communicate with the drone, causing it to become unresponsive.

Due to the critical situation, the drone was shot down by Yemen's Houthi rebels. The pilot of the drone, a 25-year-old"
54,0c37e5f6-b0bd-4377-a64c-9bad6971fcda,"A high-profile chef has been shot and killed in a popular restaurant in the city. The victim, a well-known figure in the culinary world, was reportedly hit in the head with a heavy object. The shooting occurred early on the morning of the crime, with police and emergency responders on scene within minutes. Multiple people, including police officers and other restaurant staff, were injured in the incident. The restaurant has been closed indefinitely, and authorities have arrested the suspect. The victim's family is mourning the loss"
55,35eea634-1315-4387-b25c-a1bfc10a2a18,"On Tuesday morning, authorities in Paris were responding to a report of a terrorist attack near the famous Notre-Dame Cathedral. According to reports, a vehicle was rammed into a group of people, and a suspect was being pursued by police. The attack occurred at around 7:40 a.m., near the Place de la Republique, a central square in the city. The suspect was later located and arrested by police, who have since confirmed that he was a suspect in a series of"
56,97e34c58-6c29-430a-94f5-a388019f040b,"In a surprising development, a team of scientists has discovered a previously unknown form of life on Earth. The discovery, made by a team of researchers led by Dr. John Smith, was made after a years-long study of Earth's climate records. The team found that during certain periods of time, Earth's climate has been cooler than it is today. This cooler climate had a dramatic effect on the Earth's surface, causing the formation of ice sheets and glaciers across the globe.
After analyzing the data from"
57,8e6bacd8-fd6a-4be7-b558-240869fbba08,"""Amidst reports of a historic climate protest, thousands of people gathered in New York City to call for urgent action on climate change. The event, which included speeches from prominent environmental activists and political figures, served as a symbol of the growing awareness of the urgency of the issue. The crowd, which included representatives from various political parties and organizations, demonstrated its commitment to creating a sustainable future for generations to come. The event, which was held in Central Park, brought together people from all walks of"
58,9e75fe9e-f52c-4d7e-ba9b-2b61ed0d3450,"An iconic restaurant in New York City, known for its delicious and elegant atmosphere, has been forced to close due to the ongoing pandemic. The restaurant, which has been in operation for over 30 years, had to shut its doors in response to the rapid spread of the virus across the city.

The restaurant, located on a bustling strip of Fifth Avenue, was known for its high-end cuisine, as well as its unique and artistic design. The restaurant's owners had always been known for their attention"
59,5d88f9d4-c080-4cd0-87d1-3bec25bce3f2,"News Article: 

Title: 
""Local Business Celebrates 10th Anniversary with a Flashback of Past Celebrations""

In a heartwarming celebration, a local business has embarked on its 10th anniversary. The celebration took place last night, with a flashback of past achievements and achievements to mark the significant milestone.

The event kicked off with a toast to the business and its employees, who have been loyal to the company for years. The business owner, who has been guiding"
60,94ba3699-5c65-453e-a8b1-b82b7561b226,"The world's largest smartphone manufacturer, Apple, has reportedly filed a patent application for a new device that could revolutionize the way we interact with our phones. The device, which is referred to as the ""iPhone 15,"" is expected to be unveiled at the Apple Worldwide Developers Conference in June.

In the past, Apple has been known for its sleek and modern designs, but this new device promises to take the smartphone industry to the next level. The ""iPhone 15"" is expected to"
61,2c6176cb-e796-4258-92eb-2e363e88900f,"In a dramatic twist, a woman has been arrested after an armed robbery at a local bakery. Police said they received a call just after 2:00 AM on Friday morning reporting a robbery at the bakery located at 123 Main Street in a small town of 2,500 residents. The call was made from the back parking lot where a woman who had entered the building through the front doors had been captured on surveillance footage moments earlier. The woman, a 35"
62,0c6662cd-16e6-46a7-bc58-c28c5f93b0ad,"The deadly tornado that struck a small town in central Texas on Monday night claimed the lives of at least 13 people, including several children, and left dozens more injured. The tornado was the strongest ever recorded in Texas and was reported to be the size of a mid-level hurricane.
The storm hit the small town of Brenham shortly after 7 p.m. local time, causing widespread destruction and panic as residents scrambled to escape the twisters aftermath. Many of those who were able to leave were"
63,4c684b06-6a69-4039-b08d-9c3ce715c871,"On January 2nd, 2023, a catastrophic fire broke out in a building in the heart of downtown Los Angeles. The fire, caused by an electrical fault, spread rapidly and quickly engulfed the 12-story structure, causing extensive damage to the interior and damaging many nearby buildings. The fire took hours to extinguish, leaving the community shaken and struggling to recover from the disaster. The cause of the fire remains under investigation, with officials working tirelessly to determine the cause of"
64,0d9660be-bc11-4f00-9a89-d85856fb3f0d,"In a report published by the International Health Organization, new findings reveal that the transmission of COVID-19 is spreading rapidly in countries like Brazil and India, where the disease is currently the most severe.
Experts say the increasing cases are attributed to poor hygiene and healthcare infrastructure, which has resulted in a backlog of tests, and a lack of sufficient personal protective equipment (PPE) for medical workers.
The news has sparked concerns about the future of the pandemic, and the need for a global lockdown, but"
65,01b6fb43-13df-49b7-b742-d24a29fd4833,"""Global Climate Change Initiative Launches Initiative to Combat Rising Temperature""

The world is experiencing a前所未seen climate change crisis. Rising temperatures, melting ice caps, and more extreme weather events are causing widespread concern and uncertainty. To address this crisis, a new global initiative has been launched, aimed at reducing greenhouse gas emissions and improving climate resilience across the globe. The initiative, called the Global Climate Change Initiative, aims to mobilize the global community to take action on climate change and create a sustainable future.

The"
66,a120c193-4428-40e8-92c6-8dfa758fd578,"According to sources in the medical community, a new study has revealed striking evidence linking sleep deprivation to increased risk of severe heart attacks. The study, published in the prestigious journal ""The Lancet,"" analyzed data from over 3,000 patients who suffered heart attacks and compared their sleep patterns to those of healthy individuals.
The study found that those who slept less than seven hours per night were at a significantly higher risk of severe heart attacks compared to those who slept seven or more hours. Furthermore,"
67,7a39ea47-7d53-47cb-b0ea-1f79ac89c45d,"In a move that has left many people in shock and disbelief, a woman in her sixties has been found dead in a deserted apartment in the heart of a bustling city. The body of the woman, whose identity has not been released, was discovered in an unexplained state by the building's management staff, who quickly contacted emergency services.
The police have launched an investigation to determine the circumstances surrounding the woman's death, but there are already reports that she was living alone and had been unresponsive for"
68,3fc10fcd-e80d-42b8-af28-f65aa97a04f6,"""Scientists Unveil New Tool for Detecting Rare Diseases,"" by Sarah Davis

In a groundbreaking advancement, researchers at the University of California, Los Angeles, have unveiled a new tool designed to detect rare diseases more accurately and efficiently.

The tool, known as the ""RAREs"" platform, uses artificial intelligence to identify genetic variations that are associated with a particular disease. By analyzing large datasets of genetic material from patients who have already been diagnosed with the disease, the platform is able to identify mutations"
69,d09329d2-60a1-4d50-911b-5a80edb9a94b,"At a press conference in Washington, D.C., President Biden today declared a national emergency in response to the continued spike in coronavirus cases in the United States, which is reaching alarming levels.
The president, who spoke to the press for the first time since his inauguration, announced a new $1.9 trillion stimulus package aimed at providing relief to families and businesses impacted by the pandemic.
The package, which is expected to be unveiled later this week, will include direct payments to eligible families, unemployment benefits,"
70,c750bffa-c207-4640-a771-1e7417cf50da,"On the eve of what many consider to be one of the most historic moments in American history, the Supreme Court of the United States delivered a landmark decision that will have far-reaching implications for the future of the country. The court, composed of nine justices, unanimously ruled that the Affordable Care Act, commonly known as Obamacare, must remain in place, with no changes to its core provisions. This decision was a victory for President Barack Obama, who had fought a long legal battle to have the law upheld."
71,9f78335e-1be9-4d56-a196-245e36ee97b5,"On a beautiful day in the coastal city of Santa Monica, California, a group of friends gathered at a popular beachside park to enjoy some delicious grilled food and soaking up the sun. However, things took a dark turn when one of the friends suddenly collapsed, suffering from what was later determined to be a drug overdose. The group rushed to help the victim, who was taken to the hospital for treatment. While the recovery process was slow, the friends remained hopeful that the victim would make a full recovery"
72,a3d0c2fc-093f-429a-9c1d-1bd660883dc6,"On June 17th, 2023, in a stunning turn of events, a massive explosion ripped through a remote location in the northwestern region of Indonesia. The blast, which was caused by a faulty pipeline explosion, caused extensive damage to the area and left many residents homeless. Fortunately, there were no injuries reported, but the incident has raised concerns about the safety of the pipeline system in the region. The incident comes just a few weeks after another incident in the area, where"
73,cb635a0d-360b-4b69-9320-51a7fc81e4e7,News Article: Major Hospital Breaks Ground on New Health Center<|im_end|>
74,5cf9ad1f-bb93-41d8-873f-271a552d7de0,"On November 9th, 2021, a massive natural gas pipeline explosion occurred in the center of Los Angeles, USA. The incident involved a natural gas pipeline owned by the Pacific Gas and Electric Company (PG&E), which had recently completed a renovation project in the area. The pipe was carrying natural gas from the Kern County pipeline in California to the San Joaquin Valley pipeline in California. The pipeline had been closed off due to corrosion, but the renovation project had led to the"
75,82170a43-a334-49cd-bd09-c1af3b08a1f0,"""World Leaders Gather in Vienna for Summit: Leaders discuss climate change, global development, and security challenges, with a focus on youth engagement and the role of technology in addressing these issues""<|im_end|>"
76,2cb68308-c791-4460-bc46-13a5971c9f6d,"In a shocking development, a group of masked men stormed a bank branch in the capital city, robbing it of its contents. The robbers demanded a large sum of money and made off with it, leaving no trace of their presence. The authorities are now investigating the incident and have imposed a high security alert in the area. The police have received information that the individuals involved were previously involved in a number of similar robberies in the city. There is no word on what the source of the masked"
77,8e6ab456-d123-4e02-8361-f5944e0b07b5,"As the global economy continues to recover from the COVID-19 pandemic, it is becoming increasingly clear that the pandemic's impacts are still felt around the world. Despite the various efforts made by governments and businesses to mitigate the virus's spread, it has still taken a heavy toll on the world's economy.
The latest figures show that the global economy shrank by 3.9% in 2020, the largest decline since the Great Depression. This was followed by a recovery in "
78,d001b89b-71d0-4cc5-9a3f-a21846b3fb90,"The tragic events that occurred in the city of New York recently have left the community in shock and grief. On Friday evening, a building in the downtown area of the city was devastated by a massive explosion. Reports suggest that at least seven people were injured, including several critically injured, and the death toll could reach double digits.
The cause of the explosion is still unknown, but it has been determined that the incident was caused by a chemical reaction in the basement of the building. The explosion has caused a"
79,5f77632b-60c9-49fe-ad24-13338f2e4c06,"The city of New York on Monday announced plans to launch a new initiative to address homelessness in the city. The initiative, called ""No Homeless"" Day, will take place annually on October 11th. During the event, the city's homeless population will be given a free meal and access to shelter. The initiative was created to bring awareness to the issue of homelessness and to provide a sense of community to those who are homeless. The city is hoping that the initiative will encourage more people to"
80,799488b7-ca0a-4d57-a7e4-0317552dba2d,"As the coronavirus pandemic continues to spread around the world, public health officials are warning that the situation is not yet under control. In an interview with the Washington Post, Dr. Anthony Fauci, director of the National Institute of Allergy and Infectious Diseases, said that the virus is ""very contagious and very spreadable,"" and that we must continue to follow public health guidelines in order to avoid a ""second wave"" of infections.
The Centers for Disease Control and Prevention (CDC) has warned that"
81,ea037c6b-5cf4-48b8-99dc-980e681e689d,"The world's most famous vampire has been revealed. Dracula himself has been arrested, sparking outrage and shockwaves around the globe. According to reports, a notorious vampire hunter had tracked down the bloodthirsty creature for years and finally apprehended him. The hunter, who went by the name of Draculador, had spent weeks following the vampire's every move and even had his own team of vampires hunting him down. When the two met, it was a moment of truly horrifying significance,"
82,2747d212-c4e3-4279-87c3-280cf58cf832,"The world is mourning the loss of a brilliant talent. The death of the legendary actor and director, Robin Williams, was announced on Tuesday, August 12th, 2014. Williams was found dead of an apparent suicide at his home in Venice, California, at the age of 63. The cause of death was deemed to be accidental, and the police have not ruled out medical malpractice as a factor. 

Robin Williams was a beloved actor, comedian, and filmmaker"
83,3386d05e-243a-4ae1-8bc9-504a44c75887,"WASHINGTON (CNN) - A new law passed by the House of Representatives would make it easier for workers to sue employers for workplace harassment, according to a statement from the chamber. The bill, which was introduced last month and approved by a 264-163 vote, would allow victims to sue employers even if they were unable to identify the alleged harasser. The bill's sponsor, Rep. Jerrold Nadler, D-N.Y., said the measure was designed to protect workers"
84,b5ff01b6-c554-41fe-908b-747993b04bc2,"News Article:

The latest developments in the science of quantum computing, including the announcement of a breakthrough that could potentially change the way we understand the world, have caught the attention of many experts.

Scientists from the Quantum Research Institute in Japan have announced a significant advancement in the field of quantum computing. The breakthrough involves the creation of a quantum computer that has surpassed all previous records in terms of speed and efficiency.

The researchers have achieved a speed-up of over 100,000 times faster than"
85,9d17b561-14b3-4c62-ad82-0555a05a68fa,"In a significant development in the world of renewable energy, a groundbreaking new battery technology has been unveiled at a major conference in London. The new battery system, developed by a team of researchers from the University of Cambridge, is said to be a game-changer in the industry, offering unprecedented energy storage capacity and long-lasting power storage capabilities.
The battery system is the result of years of research and development, with the team working tirelessly to optimize the design and performance of the device. The breakthrough was made possible"
86,a51c3900-b322-42a8-a3b7-a35e06b65889,"The death of a beloved musician in a tragic accident shocked the music world and left fans worldwide in shock. The news came as a surprise to many, as the talented musician had been battling health issues in recent months.
The musician, who was a popular performer in the music scene, was killed while performing on stage. According to reports, the accident occurred during a live concert at a popular music venue, leaving many in tears.
The musician was known for his unique style and his ability to captivate audiences"
87,34c2697f-a5fe-4d76-aac6-bc98f13cf5a2,"In a shocking turn of events, a group of local residents have been confirmed as the latest victims of an organized crime operation that has been targeted for months. The crime spree began in the early hours of the morning, with a group of masked men driving through the streets of the bustling city, targeting homes and businesses alike. As the days went by, the incidents continued to escalate, with reports of more and more people being targeted.
The authorities have said that they are investigating the case and have released a"
88,d68b21bc-fc79-4d4a-8625-65050ab88d32,"""Experts Uncover Ancient Artifact Hidden in Chicago's Hyde Park,"" by Sarah Armstrong. With the help of advanced archeological techniques and meticulous research, experts have uncovered a 4,000-year-old artifact buried in a remote location in Chicago's Hyde Park. The artifact, which has never been seen by the public before, contains a wealth of information about ancient human cultures in the area. The discovery has raised questions about the long-term presence of the ancient society in the area, and it"
89,9fd68285-645c-4ea0-bd89-00b8bab3084d,"In a world where technology has advanced beyond anyone's wildest imagination, scientists and inventors are constantly pushing the boundaries of what's possible. In a recent groundbreaking study at the University of California, researchers have discovered a new type of material that is far more efficient than any previously known material.

The new material, called ""Graphene Carbon,"" is a form of carbon that is so thin that it can be considered one atom thick. The researchers discovered that Graphene Carbon has a property that is not found"
90,caf18548-e71e-4345-be34-97c442008e60,"On a hot and humid day in downtown Las Vegas, a group of people, including college students, workers, and tourists, were caught by the unexpected sight of a wild and free-roaming elephant. The majestic animal was standing in the middle of the busy street, surrounded by onlookers who were both fascinated and a bit concerned about the situation. Local authorities were quick to respond and quickly contained the situation, putting the elephant in a secure enclosure and removing it from the area until the proper authorities could"
91,9e19c729-5df1-4b92-85d6-f1ef104d50f3,"As technology continues to advance, the field of medicine is constantly evolving and adapting to keep pace with new discoveries and treatments. One of the latest advancements in the medical field is the use of artificial intelligence (AI) in the diagnosis and treatment of diseases.

AI can provide doctors with more accurate and efficient diagnoses by analyzing large amounts of patient data, such as medical histories, imaging scans, and genetic testing results. This can help doctors identify patterns and correlations that may not be apparent to the human eye, allowing"
92,65b26b34-abe0-4c4e-976f-f23bc771f795,"Title: ""Artificial Intelligence breakthrough: Advancements in autonomous cars revolutionizing transportation industry""

As autonomous vehicles continue to evolve, researchers at Google and others around the world have achieved remarkable breakthroughs in the field of artificial intelligence. The recent developments in autonomous vehicles have the potential to revolutionize the transportation industry, making it safer and more efficient.

For example, researchers at Google's artificial intelligence laboratory have successfully demonstrated self-driving cars that can navigate complex roads and cities with ease, without the need for human intervention"
93,604b36d1-84ab-4970-a4d9-04244edae2e4,"The world's leading pharmaceutical company announced today that it is in advanced stages of developing a new drug that it claims will cure the incurable. The drug, called ""Cure 2021,"" is being developed by the company's research department, which has been working on the project for years. According to company officials, the drug is being designed to target the underlying cause of the disease, rather than just providing relief, and is expected to be ready for clinical trials by the end of this"
94,0b3faf88-93c6-4411-a248-bf85ab6bfbd8,"Title: ""Global Warming: How Climate Change Is Affecting Wildlife""

In a series of devastating reports, scientists have warned the world that climate change is already having a profound effect on wildlife populations. As temperatures rise, habitats shift, and resources become scarce, millions of species are facing extinction or the risk of extinction. This is not an exaggeration – the changes are real, and they are happening in real time. 

In the United States, for example, the Arctic is melting faster than"
95,1ae71c22-ecd8-4de7-8841-e02c92bf0e2e,"The new study, which was conducted at the University of California, Berkeley, found that people who engage in more physical activity tend to have a higher level of mental health and cognitive function. The researchers used data from the National Health and Nutrition Examination Survey (NHANES) to analyze the relationships between physical activity and mental health and cognitive function.
The study found that individuals who engaged in moderate to vigorous physical activity had better cognitive function scores, such as shorter reaction times and higher scores on tests of visual memory"
96,acbeff8d-7af3-4f8f-b13d-194e5756942b,"The new research has found a hidden gem in a hidden place, and it's a very unexpected discovery indeed. Researchers from the University of California, Berkeley, have come across a small, mysterious structure in the middle of a remote mountain range. The structure, which is the size of a small airplane, is located on the summit of Mount Merced in California and it's believed to be a potential candidate for a long-lost civilization.

The structure, which is named the ""Merced Mystery Structure,"""
97,7ec80f9c-9109-4111-a788-c35e60f26503,"On Tuesday, a new study was released that sheds light on the effects of extreme heat on human health. The research was conducted in five cities across the United States, including San Francisco, Chicago, New York, Miami, and Phoenix, and found that the extreme heat was associated with an increase in heart attacks, strokes, and other cardiovascular diseases.

According to the study, the heat stress resulted in a 24% increase in heart attack rates, a 28% increase in stroke rates,"
98,38eea48f-f794-4c58-a902-ca4c07f1c77f,"News article:
---

The annual Earth Day celebration kicked off with a global ceremony in the Grand Canyon on April 22nd, 2022. The event was aimed at raising awareness about climate change and the importance of protecting the environment. Participants from around the world gathered in the awe-inspiring landscape to join in the festivities and learn about the challenges facing our planet.

The ceremony started with a brief ceremony conducted by local leaders, followed by speeches from high-ranking officials, including the CEO of"
99,9072cf31-1f29-4c72-a404-045393200b22,"As the outbreak of the global coronavirus continues to spread, health experts are warning that there is a growing threat to the effectiveness of current antiviral treatments. One such treatment, remdesivir, has been shown to be effective in fighting the virus in early stages, but is less effective in later stages. This is a cause for concern, as it means that patients with severe cases of COVID-19 may not be able to receive the treatment they need. Health officials are urging doctors to be"
100,167a514f-7091-4168-87ef-2a15fbba4483,"After years of waiting, the long-awaited premiere of the highly-anticipated movie ""The Last Witch Hunter"" finally hit theaters on a Friday night, with fans and moviegoers alike eagerly anticipating the eagerly-anticipated film. The trailer for the movie had already been released, and many had been eagerly anticipating the movie's release.
The film stars Will Smith as the charismatic and charismatic lead, with the main villain played by a charismatic and charismatic villain, who has been looking for a way to get revenge on"
